time,.Header.seq,.Header.stamp.secs,.Header.stamp.nsecs,.Header.frame_id,.Latitude,.Longitude,.Altitude,.HDOP,.UTM_easting,.UTM_northing,.UTC,.Zone,.Letter
2023/02/06/08:13:13.436986,0,69247,0,GPS1_FRAME,42.33891666666667,-71.08827833333334,20.2,0.9,327970.89989354624,4689518.831318305,191407.0,19,T
2023/02/06/08:13:14.436757,0,69248,0,GPS1_FRAME,42.33891666666667,-71.08827833333334,20.2,0.9,327970.89989354624,4689518.831318305,191408.0,19,T
2023/02/06/08:13:15.439734,0,69249,0,GPS1_FRAME,42.33891666666667,-71.08827833333334,20.2,0.9,327970.89989354624,4689518.831318305,191409.0,19,T
2023/02/06/08:13:16.438554,0,69250,0,GPS1_FRAME,42.33891666666667,-71.08827833333334,20.2,0.9,327970.89989354624,4689518.831318305,191410.0,19,T
2023/02/06/08:13:17.439951,0,69251,0,GPS1_FRAME,42.33891666666667,-71.08827833333334,20.2,0.9,327970.89989354624,4689518.831318305,191411.0,19,T
2023/02/06/08:13:18.498749,0,69252,0,GPS1_FRAME,42.33891666666667,-71.08827833333334,20.2,0.9,327970.89989354624,4689518.831318305,191412.0,19,T
2023/02/06/08:13:19.440246,0,69253,0,GPS1_FRAME,42.33891666666667,-71.08827833333334,20.2,0.9,327970.89989354624,4689518.831318305,191413.0,19,T
2023/02/06/08:13:20.439535,0,69254,0,GPS1_FRAME,42.33891666666667,-71.08827833333334,20.2,0.9,327970.89989354624,4689518.831318305,191414.0,19,T
2023/02/06/08:13:21.439635,0,69255,0,GPS1_FRAME,42.33891666666667,-71.08827833333334,20.2,0.9,327970.89989354624,4689518.831318305,191415.0,19,T
2023/02/06/08:13:22.439012,0,69256,0,GPS1_FRAME,42.33891666666667,-71.08827833333334,20.2,0.9,327970.89989354624,4689518.831318305,191416.0,19,T
2023/02/06/08:13:23.471044,0,69257,0,GPS1_FRAME,42.33891666666667,-71.08827833333334,20.2,0.9,327970.89989354624,4689518.831318305,191417.0,19,T
2023/02/06/08:13:24.439416,0,69258,0,GPS1_FRAME,42.33891666666667,-71.08827833333334,20.2,0.9,327970.89989354624,4689518.831318305,191418.0,19,T
2023/02/06/08:13:25.438536,0,69259,0,GPS1_FRAME,42.33891666666667,-71.08827833333334,20.2,0.9,327970.89989354624,4689518.831318305,191419.0,19,T
2023/02/06/08:13:26.469121,0,69260,0,GPS1_FRAME,42.33891666666667,-71.08827833333334,20.2,0.9,327970.89989354624,4689518.831318305,191420.0,19,T
2023/02/06/08:13:27.440111,0,69261,0,GPS1_FRAME,42.33891666666667,-71.08827833333334,20.2,0.9,327970.89989354624,4689518.831318305,191421.0,19,T
2023/02/06/08:13:28.438286,0,69262,0,GPS1_FRAME,42.33891666666667,-71.08827833333334,20.2,0.9,327970.89989354624,4689518.831318305,191422.0,19,T
2023/02/06/08:13:29.438083,0,69263,0,GPS1_FRAME,42.33891666666667,-71.08827833333334,20.2,0.9,327970.89989354624,4689518.831318305,191423.0,19,T
2023/02/06/08:13:30.440116,0,69264,0,GPS1_FRAME,42.33891666666667,-71.08827833333334,20.2,0.9,327970.89989354624,4689518.831318305,191424.0,19,T
2023/02/06/08:13:31.469513,0,69265,0,GPS1_FRAME,42.33891666666667,-71.08827833333334,20.2,0.9,327970.89989354624,4689518.831318305,191425.0,19,T
2023/02/06/08:13:32.437471,0,69266,0,GPS1_FRAME,42.33891666666667,-71.08827833333334,20.2,0.9,327970.89989354624,4689518.831318305,191426.0,19,T
2023/02/06/08:13:33.438113,0,69267,0,GPS1_FRAME,42.33891666666667,-71.08827833333334,20.2,0.9,327970.89989354624,4689518.831318305,191427.0,19,T
2023/02/06/08:13:34.468862,0,69268,0,GPS1_FRAME,42.33891666666667,-71.08827833333334,20.2,0.9,327970.89989354624,4689518.831318305,191428.0,19,T
2023/02/06/08:13:35.439099,0,69269,0,GPS1_FRAME,42.33891666666667,-71.08827833333334,20.2,0.9,327970.89989354624,4689518.831318305,191429.0,19,T
2023/02/06/08:13:36.435716,0,69270,0,GPS1_FRAME,42.33891666666667,-71.08827833333334,20.2,0.9,327970.89989354624,4689518.831318305,191430.0,19,T
2023/02/06/08:13:37.435745,0,69271,0,GPS1_FRAME,42.33891666666667,-71.08827833333334,20.2,0.9,327970.89989354624,4689518.831318305,191431.0,19,T
2023/02/06/08:13:38.435680,0,69272,0,GPS1_FRAME,42.33891666666667,-71.08827833333334,20.2,0.9,327970.89989354624,4689518.831318305,191432.0,19,T
2023/02/06/08:13:39.435804,0,69273,0,GPS1_FRAME,42.33891666666667,-71.08827833333334,20.1,0.9,327970.89989354624,4689518.831318305,191433.0,19,T
2023/02/06/08:13:40.435724,0,69274,0,GPS1_FRAME,42.33891666666667,-71.08827833333334,20.1,0.9,327970.89989354624,4689518.831318305,191434.0,19,T
2023/02/06/08:13:41.435366,0,69275,0,GPS1_FRAME,42.33891666666667,-71.08827833333334,20.1,0.9,327970.89989354624,4689518.831318305,191435.0,19,T
2023/02/06/08:13:42.436696,0,69276,0,GPS1_FRAME,42.33891666666667,-71.08827833333334,20.1,0.9,327970.89989354624,4689518.831318305,191436.0,19,T
2023/02/06/08:13:43.435066,0,69277,0,GPS1_FRAME,42.33891666666667,-71.08827833333334,20.1,1.0,327970.89989354624,4689518.831318305,191437.0,19,T
2023/02/06/08:13:44.433851,0,69278,0,GPS1_FRAME,42.33891666666667,-71.08827833333334,20.1,1.0,327970.89989354624,4689518.831318305,191438.0,19,T
2023/02/06/08:13:45.433985,0,69279,0,GPS1_FRAME,42.33891666666667,-71.08827833333334,20.1,1.0,327970.89989354624,4689518.831318305,191439.0,19,T
2023/02/06/08:13:46.432992,0,69280,0,GPS1_FRAME,42.33891666666667,-71.08827833333334,20.1,1.0,327970.89989354624,4689518.831318305,191440.0,19,T
2023/02/06/08:13:47.434471,0,69281,0,GPS1_FRAME,42.33891666666667,-71.08827833333334,20.1,1.0,327970.89989354624,4689518.831318305,191441.0,19,T
2023/02/06/08:13:48.467147,0,69282,0,GPS1_FRAME,42.33891666666667,-71.08827833333334,20.1,1.0,327970.89989354624,4689518.831318305,191442.0,19,T
2023/02/06/08:13:49.435833,0,69283,0,GPS1_FRAME,42.33891666666667,-71.08827833333334,20.1,1.0,327970.89989354624,4689518.831318305,191443.0,19,T
2023/02/06/08:13:50.433340,0,69284,0,GPS1_FRAME,42.33891666666667,-71.08827833333334,20.1,1.1,327970.89989354624,4689518.831318305,191444.0,19,T
2023/02/06/08:13:51.433503,0,69285,0,GPS1_FRAME,42.33891666666667,-71.08827833333334,20.1,1.1,327970.89989354624,4689518.831318305,191445.0,19,T
2023/02/06/08:13:52.432866,0,69286,0,GPS1_FRAME,42.33891666666667,-71.08827833333334,20.1,1.1,327970.89989354624,4689518.831318305,191446.0,19,T
2023/02/06/08:13:53.437889,0,69287,0,GPS1_FRAME,42.33891666666667,-71.08828,20.1,1.1,327970.7625904195,4689518.8346903,191447.0,19,T
2023/02/06/08:13:54.433841,0,69288,0,GPS1_FRAME,42.33891666666667,-71.08828,20.1,1.1,327970.7625904195,4689518.8346903,191448.0,19,T
2023/02/06/08:13:55.434353,0,69289,0,GPS1_FRAME,42.33891666666667,-71.08828,20.1,1.1,327970.7625904195,4689518.8346903,191449.0,19,T
2023/02/06/08:13:56.436878,0,69290,0,GPS1_FRAME,42.33891666666667,-71.08828,20.1,1.0,327970.7625904195,4689518.8346903,191450.0,19,T
2023/02/06/08:13:57.436286,0,69291,0,GPS1_FRAME,42.33891666666667,-71.08828,20.1,1.0,327970.7625904195,4689518.8346903,191451.0,19,T
2023/02/06/08:13:58.436116,0,69292,0,GPS1_FRAME,42.33891666666667,-71.08828,20.1,1.0,327970.7625904195,4689518.8346903,191452.0,19,T
2023/02/06/08:13:59.432997,0,69293,0,GPS1_FRAME,42.33891666666667,-71.08828,20.1,1.1,327970.7625904195,4689518.8346903,191453.0,19,T
2023/02/06/08:14:00.432001,0,69294,0,GPS1_FRAME,42.33891666666667,-71.08828,20.1,1.1,327970.7625904195,4689518.8346903,191454.0,19,T
2023/02/06/08:14:01.431851,0,69295,0,GPS1_FRAME,42.33891666666667,-71.08828,20.1,1.1,327970.7625904195,4689518.8346903,191455.0,19,T
2023/02/06/08:14:02.431994,0,69296,0,GPS1_FRAME,42.33891666666667,-71.08828,20.1,1.1,327970.7625904195,4689518.8346903,191456.0,19,T
2023/02/06/08:14:03.432397,0,69297,0,GPS1_FRAME,42.33891666666667,-71.08828,20.1,1.1,327970.7625904195,4689518.8346903,191457.0,19,T
2023/02/06/08:14:04.432804,0,69298,0,GPS1_FRAME,42.33891666666667,-71.08828,20.1,1.1,327970.7625904195,4689518.8346903,191458.0,19,T
2023/02/06/08:14:05.436239,0,69299,0,GPS1_FRAME,42.33891666666667,-71.08828,20.1,1.0,327970.7625904195,4689518.8346903,191459.0,19,T
2023/02/06/08:14:06.435621,0,69300,0,GPS1_FRAME,42.33891666666667,-71.08828,20.1,1.0,327970.7625904195,4689518.8346903,191500.0,19,T
2023/02/06/08:14:07.439633,0,69301,0,GPS1_FRAME,42.33891666666667,-71.08828,20.1,1.0,327970.7625904195,4689518.8346903,191501.0,19,T
2023/02/06/08:14:08.433975,0,69302,0,GPS1_FRAME,42.33891666666667,-71.08828,20.1,1.1,327970.7625904195,4689518.8346903,191502.0,19,T
2023/02/06/08:14:09.434674,0,69303,0,GPS1_FRAME,42.33891666666667,-71.08828,20.1,1.1,327970.7625904195,4689518.8346903,191503.0,19,T
2023/02/06/08:14:10.465098,0,69304,0,GPS1_FRAME,42.33891666666667,-71.08828,20.1,2.2,327970.7625904195,4689518.8346903,191504.0,19,T
2023/02/06/08:14:11.433522,0,69305,0,GPS1_FRAME,42.33891666666667,-71.08828,20.1,1.1,327970.7625904195,4689518.8346903,191505.0,19,T
2023/02/06/08:14:12.435618,0,69306,0,GPS1_FRAME,42.33891666666667,-71.08828,20.1,1.5,327970.7625904195,4689518.8346903,191506.0,19,T
2023/02/06/08:14:13.437463,0,69307,0,GPS1_FRAME,42.33891666666667,-71.08828,20.1,1.0,327970.7625904195,4689518.8346903,191507.0,19,T
2023/02/06/08:14:14.469497,0,69308,0,GPS1_FRAME,42.33891666666667,-71.08828,20.1,1.5,327970.7625904195,4689518.8346903,191508.0,19,T
2023/02/06/08:14:15.435575,0,69309,0,GPS1_FRAME,42.33891666666667,-71.08828,20.1,1.5,327970.7625904195,4689518.8346903,191509.0,19,T
2023/02/06/08:14:16.471747,0,69310,0,GPS1_FRAME,42.33891666666667,-71.08828,20.1,1.0,327970.7625904195,4689518.8346903,191510.0,19,T
2023/02/06/08:14:17.438136,0,69311,0,GPS1_FRAME,42.33891666666667,-71.08828,20.1,1.0,327970.7625904195,4689518.8346903,191511.0,19,T
2023/02/06/08:14:18.470335,0,69312,0,GPS1_FRAME,42.33891666666667,-71.08828,20.0,1.0,327970.7625904195,4689518.8346903,191512.0,19,T
2023/02/06/08:14:19.438228,0,69313,0,GPS1_FRAME,42.33891666666667,-71.08828,20.0,1.0,327970.7625904195,4689518.8346903,191513.0,19,T
2023/02/06/08:14:20.437737,0,69314,0,GPS1_FRAME,42.33891666666667,-71.08828,20.0,1.0,327970.7625904195,4689518.8346903,191514.0,19,T
2023/02/06/08:14:21.472283,0,69315,0,GPS1_FRAME,42.33891666666667,-71.08828,20.0,1.0,327970.7625904195,4689518.8346903,191515.0,19,T
2023/02/06/08:14:22.437808,0,69316,0,GPS1_FRAME,42.33891666666667,-71.08828,20.0,1.0,327970.7625904195,4689518.8346903,191516.0,19,T
2023/02/06/08:14:23.437898,0,69317,0,GPS1_FRAME,42.33891666666667,-71.08828,20.0,1.0,327970.7625904195,4689518.8346903,191517.0,19,T
2023/02/06/08:14:24.472695,0,69318,0,GPS1_FRAME,42.33891666666667,-71.08828,20.0,1.0,327970.7625904195,4689518.8346903,191518.0,19,T
2023/02/06/08:14:25.437833,0,69319,0,GPS1_FRAME,42.33891666666667,-71.08828166666666,19.8,1.0,327970.62528728845,4689518.8380622985,191519.0,19,T
2023/02/06/08:14:26.438643,0,69320,0,GPS1_FRAME,42.33891666666667,-71.08828166666666,19.8,0.9,327970.62528728845,4689518.8380622985,191520.0,19,T
2023/02/06/08:14:27.438675,0,69321,0,GPS1_FRAME,42.33891666666667,-71.08828166666666,19.8,0.9,327970.62528728845,4689518.8380622985,191521.0,19,T
2023/02/06/08:14:28.438231,0,69322,0,GPS1_FRAME,42.33891666666667,-71.08828166666666,19.8,0.9,327970.62528728845,4689518.8380622985,191522.0,19,T
2023/02/06/08:14:29.438790,0,69323,0,GPS1_FRAME,42.33891666666667,-71.08828166666666,19.8,0.9,327970.62528728845,4689518.8380622985,191523.0,19,T
2023/02/06/08:14:30.439027,0,69324,0,GPS1_FRAME,42.33891666666667,-71.08828166666666,19.7,0.9,327970.62528728845,4689518.8380622985,191524.0,19,T
2023/02/06/08:14:31.439029,0,69325,0,GPS1_FRAME,42.33891666666667,-71.08828166666666,19.7,0.9,327970.62528728845,4689518.8380622985,191525.0,19,T
2023/02/06/08:14:32.439149,0,69326,0,GPS1_FRAME,42.33891666666667,-71.08828166666666,19.7,0.9,327970.62528728845,4689518.8380622985,191526.0,19,T
2023/02/06/08:14:33.439172,0,69327,0,GPS1_FRAME,42.33891666666667,-71.08828166666666,19.7,0.9,327970.62528728845,4689518.8380622985,191527.0,19,T
2023/02/06/08:14:34.439012,0,69328,0,GPS1_FRAME,42.33891666666667,-71.08828166666666,19.7,0.9,327970.62528728845,4689518.8380622985,191528.0,19,T
2023/02/06/08:14:35.439077,0,69329,0,GPS1_FRAME,42.33891666666667,-71.08828166666666,19.7,0.9,327970.62528728845,4689518.8380622985,191529.0,19,T
2023/02/06/08:14:36.438723,0,69330,0,GPS1_FRAME,42.33891666666667,-71.08828166666666,19.7,0.9,327970.62528728845,4689518.8380622985,191530.0,19,T
2023/02/06/08:14:37.438297,0,69331,0,GPS1_FRAME,42.33891666666667,-71.08828166666666,19.7,0.9,327970.62528728845,4689518.8380622985,191531.0,19,T
2023/02/06/08:14:38.438571,0,69332,0,GPS1_FRAME,42.33891666666667,-71.08828166666666,19.7,0.9,327970.62528728845,4689518.8380622985,191532.0,19,T
2023/02/06/08:14:39.436572,0,69333,0,GPS1_FRAME,42.33891666666667,-71.08828166666666,19.7,0.9,327970.62528728845,4689518.8380622985,191533.0,19,T
2023/02/06/08:14:40.436630,0,69334,0,GPS1_FRAME,42.33891666666667,-71.08828166666666,19.7,0.9,327970.62528728845,4689518.8380622985,191534.0,19,T
2023/02/06/08:14:41.437380,0,69335,0,GPS1_FRAME,42.33891666666667,-71.08828166666666,19.7,0.9,327970.62528728845,4689518.8380622985,191535.0,19,T
2023/02/06/08:14:42.440170,0,69336,0,GPS1_FRAME,42.33891666666667,-71.08828166666666,19.7,0.9,327970.62528728845,4689518.8380622985,191536.0,19,T
2023/02/06/08:14:43.438759,0,69337,0,GPS1_FRAME,42.33891666666667,-71.08828166666666,19.7,0.9,327970.62528728845,4689518.8380622985,191537.0,19,T
2023/02/06/08:14:44.438714,0,69338,0,GPS1_FRAME,42.33891666666667,-71.08828166666666,19.7,0.9,327970.62528728845,4689518.8380622985,191538.0,19,T
2023/02/06/08:14:45.438042,0,69339,0,GPS1_FRAME,42.33891666666667,-71.08828166666666,19.7,0.9,327970.62528728845,4689518.8380622985,191539.0,19,T
2023/02/06/08:14:46.437214,0,69340,0,GPS1_FRAME,42.33891666666667,-71.08828166666666,19.7,0.9,327970.62528728845,4689518.8380622985,191540.0,19,T
2023/02/06/08:14:47.440010,0,69341,0,GPS1_FRAME,42.33891666666667,-71.08828166666666,19.7,0.9,327970.62528728845,4689518.8380622985,191541.0,19,T
2023/02/06/08:14:48.507499,0,69342,0,GPS1_FRAME,42.33891666666667,-71.08828166666666,19.7,0.9,327970.62528728845,4689518.8380622985,191542.0,19,T
2023/02/06/08:14:49.437715,0,69343,0,GPS1_FRAME,42.33891666666667,-71.08828166666666,19.7,0.9,327970.62528728845,4689518.8380622985,191543.0,19,T
2023/02/06/08:14:50.437754,0,69344,0,GPS1_FRAME,42.33891666666667,-71.08828166666666,19.7,0.9,327970.62528728845,4689518.8380622985,191544.0,19,T
2023/02/06/08:14:51.438272,0,69345,0,GPS1_FRAME,42.33891666666667,-71.08828166666666,19.7,0.9,327970.62528728845,4689518.8380622985,191545.0,19,T
2023/02/06/08:14:52.437312,0,69346,0,GPS1_FRAME,42.33891666666667,-71.08828166666666,19.7,0.9,327970.62528728845,4689518.8380622985,191546.0,19,T
2023/02/06/08:14:53.437907,0,69347,0,GPS1_FRAME,42.33891666666667,-71.08828166666666,19.7,0.9,327970.62528728845,4689518.8380622985,191547.0,19,T
2023/02/06/08:14:54.438332,0,69348,0,GPS1_FRAME,42.33891666666667,-71.08828166666666,19.7,0.9,327970.62528728845,4689518.8380622985,191548.0,19,T
2023/02/06/08:14:55.438297,0,69349,0,GPS1_FRAME,42.33891666666667,-71.08828166666666,19.7,0.9,327970.62528728845,4689518.8380622985,191549.0,19,T
2023/02/06/08:14:56.437351,0,69350,0,GPS1_FRAME,42.33891666666667,-71.08828166666666,19.7,0.9,327970.62528728845,4689518.8380622985,191550.0,19,T
2023/02/06/08:14:57.438190,0,69351,0,GPS1_FRAME,42.33891666666667,-71.08828166666666,19.7,0.9,327970.62528728845,4689518.8380622985,191551.0,19,T
2023/02/06/08:14:58.437945,0,69352,0,GPS1_FRAME,42.33891666666667,-71.08828166666666,19.7,0.9,327970.62528728845,4689518.8380622985,191552.0,19,T
2023/02/06/08:14:59.437192,0,69353,0,GPS1_FRAME,42.33891666666667,-71.08828166666666,19.7,0.9,327970.62528728845,4689518.8380622985,191553.0,19,T
2023/02/06/08:15:00.471846,0,69354,0,GPS1_FRAME,42.33891666666667,-71.08828166666666,19.7,0.9,327970.62528728845,4689518.8380622985,191554.0,19,T
2023/02/06/08:15:01.437122,0,69355,0,GPS1_FRAME,42.33891666666667,-71.08828166666666,19.7,0.9,327970.62528728845,4689518.8380622985,191555.0,19,T
2023/02/06/08:15:02.437236,0,69356,0,GPS1_FRAME,42.33891666666667,-71.08828166666666,19.7,0.9,327970.62528728845,4689518.8380622985,191556.0,19,T
2023/02/06/08:15:03.437244,0,69357,0,GPS1_FRAME,42.33891666666667,-71.08828166666666,19.7,0.9,327970.62528728845,4689518.8380622985,191557.0,19,T
2023/02/06/08:15:04.436996,0,69358,0,GPS1_FRAME,42.33891666666667,-71.08828166666666,19.7,0.9,327970.62528728845,4689518.8380622985,191558.0,19,T
2023/02/06/08:15:05.470751,0,69359,0,GPS1_FRAME,42.33891666666667,-71.08828166666666,19.7,0.9,327970.62528728845,4689518.8380622985,191559.0,19,T
2023/02/06/08:15:06.437761,0,69360,0,GPS1_FRAME,42.33891666666667,-71.08828166666666,19.7,0.9,327970.62528728845,4689518.8380622985,191600.0,19,T
2023/02/06/08:15:07.472084,0,69361,0,GPS1_FRAME,42.33891666666667,-71.08828166666666,19.7,0.9,327970.62528728845,4689518.8380622985,191601.0,19,T
2023/02/06/08:15:08.437890,0,69362,0,GPS1_FRAME,42.33891666666667,-71.08828166666666,19.7,0.9,327970.62528728845,4689518.8380622985,191602.0,19,T
2023/02/06/08:15:09.437430,0,69363,0,GPS1_FRAME,42.33891666666667,-71.08828166666666,19.7,0.9,327970.62528728845,4689518.8380622985,191603.0,19,T
2023/02/06/08:15:10.436827,0,69364,0,GPS1_FRAME,42.33891666666667,-71.08828166666666,19.7,0.9,327970.62528728845,4689518.8380622985,191604.0,19,T
2023/02/06/08:15:11.437347,0,69365,0,GPS1_FRAME,42.33891666666667,-71.08828166666666,19.7,0.9,327970.62528728845,4689518.8380622985,191605.0,19,T
2023/02/06/08:15:12.472104,0,69366,0,GPS1_FRAME,42.33891666666667,-71.08828166666666,19.7,0.9,327970.62528728845,4689518.8380622985,191606.0,19,T
2023/02/06/08:15:13.437817,0,69367,0,GPS1_FRAME,42.33891666666667,-71.08828166666666,19.7,0.9,327970.62528728845,4689518.8380622985,191607.0,19,T
2023/02/06/08:15:14.437494,0,69368,0,GPS1_FRAME,42.33891666666667,-71.08828166666666,19.7,0.9,327970.62528728845,4689518.8380622985,191608.0,19,T
2023/02/06/08:15:15.438479,0,69369,0,GPS1_FRAME,42.33891666666667,-71.08828166666666,19.7,0.9,327970.62528728845,4689518.8380622985,191609.0,19,T
2023/02/06/08:15:16.437421,0,69370,0,GPS1_FRAME,42.33891666666667,-71.08828166666666,19.7,0.9,327970.62528728845,4689518.8380622985,191610.0,19,T
2023/02/06/08:15:17.437387,0,69371,0,GPS1_FRAME,42.33891666666667,-71.08828166666666,19.7,0.9,327970.62528728845,4689518.8380622985,191611.0,19,T
2023/02/06/08:15:18.468699,0,69372,0,GPS1_FRAME,42.33891666666667,-71.08828166666666,19.7,0.9,327970.62528728845,4689518.8380622985,191612.0,19,T
2023/02/06/08:15:19.439298,0,69373,0,GPS1_FRAME,42.33891666666667,-71.08828166666666,19.6,0.9,327970.62528728845,4689518.8380622985,191613.0,19,T
2023/02/06/08:15:20.439339,0,69374,0,GPS1_FRAME,42.33891666666667,-71.08828166666666,19.6,0.9,327970.62528728845,4689518.8380622985,191614.0,19,T
2023/02/06/08:15:21.438847,0,69375,0,GPS1_FRAME,42.33891666666667,-71.08828,19.6,0.9,327970.7625904195,4689518.8346903,191615.0,19,T
2023/02/06/08:15:22.439751,0,69376,0,GPS1_FRAME,42.33891666666667,-71.08828,19.6,0.9,327970.7625904195,4689518.8346903,191616.0,19,T
2023/02/06/08:15:23.439898,0,69377,0,GPS1_FRAME,42.33891666666667,-71.08828,19.6,0.9,327970.7625904195,4689518.8346903,191617.0,19,T
2023/02/06/08:15:24.439928,0,69378,0,GPS1_FRAME,42.33891666666667,-71.08828,19.6,0.9,327970.7625904195,4689518.8346903,191618.0,19,T
2023/02/06/08:15:25.439676,0,69379,0,GPS1_FRAME,42.33891666666667,-71.08828,19.6,0.9,327970.7625904195,4689518.8346903,191619.0,19,T
2023/02/06/08:15:26.439234,0,69380,0,GPS1_FRAME,42.33891666666667,-71.08828,19.6,0.9,327970.7625904195,4689518.8346903,191620.0,19,T
2023/02/06/08:15:27.440388,0,69381,0,GPS1_FRAME,42.33891666666667,-71.08828,19.6,0.9,327970.7625904195,4689518.8346903,191621.0,19,T
2023/02/06/08:15:28.439268,0,69382,0,GPS1_FRAME,42.33891666666667,-71.08828,19.6,0.9,327970.7625904195,4689518.8346903,191622.0,19,T
2023/02/06/08:15:29.439964,0,69383,0,GPS1_FRAME,42.33891666666667,-71.08828,19.6,0.9,327970.7625904195,4689518.8346903,191623.0,19,T
2023/02/06/08:15:30.439549,0,69384,0,GPS1_FRAME,42.33891666666667,-71.08828,19.6,0.9,327970.7625904195,4689518.8346903,191624.0,19,T
2023/02/06/08:15:31.440367,0,69385,0,GPS1_FRAME,42.33891666666667,-71.08828,19.6,0.9,327970.7625904195,4689518.8346903,191625.0,19,T
2023/02/06/08:15:32.439431,0,69386,0,GPS1_FRAME,42.33891666666667,-71.08828,19.6,0.9,327970.7625904195,4689518.8346903,191626.0,19,T
2023/02/06/08:15:33.438679,0,69387,0,GPS1_FRAME,42.33891666666667,-71.08828,19.6,0.9,327970.7625904195,4689518.8346903,191627.0,19,T
2023/02/06/08:15:34.438855,0,69388,0,GPS1_FRAME,42.33891666666667,-71.08828,19.6,0.9,327970.7625904195,4689518.8346903,191628.0,19,T
2023/02/06/08:15:35.440528,0,69389,0,GPS1_FRAME,42.33891666666667,-71.08828,19.6,0.9,327970.7625904195,4689518.8346903,191629.0,19,T
2023/02/06/08:15:36.439951,0,69390,0,GPS1_FRAME,42.33891666666667,-71.08828,19.6,0.9,327970.7625904195,4689518.8346903,191630.0,19,T
2023/02/06/08:15:37.440159,0,69391,0,GPS1_FRAME,42.33891666666667,-71.08828,19.6,0.9,327970.7625904195,4689518.8346903,191631.0,19,T
2023/02/06/08:15:38.473793,0,69392,0,GPS1_FRAME,42.33891666666667,-71.08828,19.6,0.9,327970.7625904195,4689518.8346903,191632.0,19,T
2023/02/06/08:15:39.438236,0,69393,0,GPS1_FRAME,42.33891666666667,-71.08828,19.6,0.9,327970.7625904195,4689518.8346903,191633.0,19,T
2023/02/06/08:15:40.439030,0,69394,0,GPS1_FRAME,42.33891666666667,-71.08828,19.6,0.9,327970.7625904195,4689518.8346903,191634.0,19,T
2023/02/06/08:15:41.438604,0,69395,0,GPS1_FRAME,42.33891666666667,-71.08828,19.6,0.9,327970.7625904195,4689518.8346903,191635.0,19,T
2023/02/06/08:15:42.439823,0,69396,0,GPS1_FRAME,42.33891666666667,-71.08828,19.6,0.9,327970.7625904195,4689518.8346903,191636.0,19,T
2023/02/06/08:15:43.440267,0,69397,0,GPS1_FRAME,42.33891666666667,-71.08828,19.6,0.9,327970.7625904195,4689518.8346903,191637.0,19,T
2023/02/06/08:15:44.439627,0,69398,0,GPS1_FRAME,42.33891666666667,-71.08828,19.6,0.9,327970.7625904195,4689518.8346903,191638.0,19,T
2023/02/06/08:15:45.438945,0,69399,0,GPS1_FRAME,42.33891666666667,-71.08828,19.6,0.9,327970.7625904195,4689518.8346903,191639.0,19,T
2023/02/06/08:15:46.439432,0,69400,0,GPS1_FRAME,42.33891666666667,-71.08828,19.6,0.9,327970.7625904195,4689518.8346903,191640.0,19,T
2023/02/06/08:15:47.439260,0,69401,0,GPS1_FRAME,42.33891666666667,-71.08828,19.6,0.9,327970.7625904195,4689518.8346903,191641.0,19,T
2023/02/06/08:15:48.468762,0,69402,0,GPS1_FRAME,42.33891666666667,-71.08828,19.6,0.9,327970.7625904195,4689518.8346903,191642.0,19,T
2023/02/06/08:15:49.436751,0,69403,0,GPS1_FRAME,42.33891666666667,-71.08828,19.5,0.9,327970.7625904195,4689518.8346903,191643.0,19,T
2023/02/06/08:15:50.436902,0,69404,0,GPS1_FRAME,42.33891666666667,-71.08828,19.5,0.9,327970.7625904195,4689518.8346903,191644.0,19,T
2023/02/06/08:15:51.468626,0,69405,0,GPS1_FRAME,42.33891666666667,-71.08828,19.5,1.0,327970.7625904195,4689518.8346903,191645.0,19,T
2023/02/06/08:15:52.434424,0,69406,0,GPS1_FRAME,42.33891666666667,-71.08828,19.5,1.0,327970.7625904195,4689518.8346903,191646.0,19,T
2023/02/06/08:15:53.434334,0,69407,0,GPS1_FRAME,42.33891666666667,-71.08828,19.5,1.0,327970.7625904195,4689518.8346903,191647.0,19,T
2023/02/06/08:15:54.435315,0,69408,0,GPS1_FRAME,42.33891666666667,-71.08828,19.5,1.0,327970.7625904195,4689518.8346903,191648.0,19,T
2023/02/06/08:15:55.434396,0,69409,0,GPS1_FRAME,42.33891666666667,-71.08828,19.5,1.0,327970.7625904195,4689518.8346903,191649.0,19,T
2023/02/06/08:15:56.472861,0,69410,0,GPS1_FRAME,42.33891666666667,-71.08828,19.5,1.0,327970.7625904195,4689518.8346903,191650.0,19,T
2023/02/06/08:15:57.469434,0,69411,0,GPS1_FRAME,42.33891666666667,-71.08828,19.5,1.0,327970.7625904195,4689518.8346903,191651.0,19,T
2023/02/06/08:15:58.434023,0,69412,0,GPS1_FRAME,42.33891666666667,-71.08828,19.5,1.0,327970.7625904195,4689518.8346903,191652.0,19,T
2023/02/06/08:15:59.434292,0,69413,0,GPS1_FRAME,42.33891666666667,-71.08828,19.5,1.0,327970.7625904195,4689518.8346903,191653.0,19,T
2023/02/06/08:16:00.436437,0,69414,0,GPS1_FRAME,42.33891666666667,-71.08828,19.5,0.9,327970.7625904195,4689518.8346903,191654.0,19,T
2023/02/06/08:16:01.438883,0,69415,0,GPS1_FRAME,42.33891666666667,-71.08828,19.5,0.9,327970.7625904195,4689518.8346903,191655.0,19,T
2023/02/06/08:16:02.435394,0,69416,0,GPS1_FRAME,42.33891666666667,-71.08828,19.5,0.9,327970.7625904195,4689518.8346903,191656.0,19,T
2023/02/06/08:16:03.467908,0,69417,0,GPS1_FRAME,42.33891666666667,-71.08828,19.5,0.9,327970.7625904195,4689518.8346903,191657.0,19,T
2023/02/06/08:16:04.435193,0,69418,0,GPS1_FRAME,42.33891666666667,-71.08828,19.5,0.9,327970.7625904195,4689518.8346903,191658.0,19,T
2023/02/06/08:16:05.437138,0,69419,0,GPS1_FRAME,42.33891666666667,-71.08828,19.5,0.9,327970.7625904195,4689518.8346903,191659.0,19,T
2023/02/06/08:16:06.437411,0,69420,0,GPS1_FRAME,42.33891666666667,-71.08828,19.5,0.9,327970.7625904195,4689518.8346903,191700.0,19,T
2023/02/06/08:16:07.435206,0,69421,0,GPS1_FRAME,42.33891666666667,-71.08828,19.5,0.9,327970.7625904195,4689518.8346903,191701.0,19,T
2023/02/06/08:16:08.436167,0,69422,0,GPS1_FRAME,42.33891833333333,-71.08828,19.5,0.9,327970.76713552885,4689519.019760972,191702.0,19,T
2023/02/06/08:16:09.435669,0,69423,0,GPS1_FRAME,42.33891833333333,-71.08828,19.5,0.9,327970.76713552885,4689519.019760972,191703.0,19,T
2023/02/06/08:16:10.436099,0,69424,0,GPS1_FRAME,42.33891833333333,-71.08828,19.5,0.9,327970.76713552885,4689519.019760972,191704.0,19,T
2023/02/06/08:16:11.436754,0,69425,0,GPS1_FRAME,42.33891833333333,-71.08828,19.5,0.9,327970.76713552885,4689519.019760972,191705.0,19,T
2023/02/06/08:16:12.436635,0,69426,0,GPS1_FRAME,42.33891833333333,-71.08828,19.5,0.9,327970.76713552885,4689519.019760972,191706.0,19,T
2023/02/06/08:16:13.435642,0,69427,0,GPS1_FRAME,42.33891833333333,-71.08828,19.5,0.9,327970.76713552885,4689519.019760972,191707.0,19,T
2023/02/06/08:16:14.436072,0,69428,0,GPS1_FRAME,42.33891833333333,-71.08828,19.5,0.9,327970.76713552885,4689519.019760972,191708.0,19,T
2023/02/06/08:16:15.435698,0,69429,0,GPS1_FRAME,42.33891833333333,-71.08828,19.5,0.9,327970.76713552885,4689519.019760972,191709.0,19,T
2023/02/06/08:16:16.435188,0,69430,0,GPS1_FRAME,42.33891833333333,-71.08828,19.5,0.9,327970.76713552885,4689519.019760972,191710.0,19,T
2023/02/06/08:16:17.435388,0,69431,0,GPS1_FRAME,42.33891833333333,-71.08828,19.5,0.9,327970.76713552885,4689519.019760972,191711.0,19,T
2023/02/06/08:16:18.466825,0,69432,0,GPS1_FRAME,42.33891833333333,-71.08828,19.5,0.9,327970.76713552885,4689519.019760972,191712.0,19,T
2023/02/06/08:16:19.434908,0,69433,0,GPS1_FRAME,42.33891833333333,-71.08828,19.5,0.9,327970.76713552885,4689519.019760972,191713.0,19,T
2023/02/06/08:16:20.435341,0,69434,0,GPS1_FRAME,42.33891833333333,-71.08828,19.5,0.9,327970.76713552885,4689519.019760972,191714.0,19,T
2023/02/06/08:16:21.436081,0,69435,0,GPS1_FRAME,42.33891833333333,-71.08828,19.4,0.9,327970.76713552885,4689519.019760972,191715.0,19,T
2023/02/06/08:16:22.436260,0,69436,0,GPS1_FRAME,42.33891833333333,-71.08828,19.5,0.9,327970.76713552885,4689519.019760972,191716.0,19,T
2023/02/06/08:16:23.437319,0,69437,0,GPS1_FRAME,42.33891833333333,-71.08828,19.5,0.9,327970.76713552885,4689519.019760972,191717.0,19,T
2023/02/06/08:16:24.432903,0,69438,0,GPS1_FRAME,42.33891833333333,-71.08828,19.5,1.0,327970.76713552885,4689519.019760972,191718.0,19,T
2023/02/06/08:16:25.433084,0,69439,0,GPS1_FRAME,42.33891833333333,-71.08828,19.5,1.0,327970.76713552885,4689519.019760972,191719.0,19,T
2023/02/06/08:16:26.436733,0,69440,0,GPS1_FRAME,42.33891833333333,-71.08828,19.5,0.9,327970.76713552885,4689519.019760972,191720.0,19,T
2023/02/06/08:16:27.434386,0,69441,0,GPS1_FRAME,42.33891833333333,-71.08828,19.5,0.9,327970.76713552885,4689519.019760972,191721.0,19,T
2023/02/06/08:16:28.468126,0,69442,0,GPS1_FRAME,42.33891833333333,-71.08828,19.5,0.9,327970.76713552885,4689519.019760972,191722.0,19,T
2023/02/06/08:16:29.435027,0,69443,0,GPS1_FRAME,42.33891833333333,-71.08828,19.5,0.9,327970.76713552885,4689519.019760972,191723.0,19,T
2023/02/06/08:16:30.436005,0,69444,0,GPS1_FRAME,42.33891833333333,-71.08828,19.5,0.9,327970.76713552885,4689519.019760972,191724.0,19,T
2023/02/06/08:16:31.439794,0,69445,0,GPS1_FRAME,42.33891833333333,-71.08828,19.5,0.9,327970.76713552885,4689519.019760972,191725.0,19,T
2023/02/06/08:16:32.437660,0,69446,0,GPS1_FRAME,42.33891833333333,-71.08828,19.5,0.9,327970.76713552885,4689519.019760972,191726.0,19,T
2023/02/06/08:16:33.437915,0,69447,0,GPS1_FRAME,42.33891833333333,-71.08828,19.5,0.9,327970.76713552885,4689519.019760972,191727.0,19,T
2023/02/06/08:16:34.437351,0,69448,0,GPS1_FRAME,42.33891833333333,-71.08828,19.5,0.9,327970.76713552885,4689519.019760972,191728.0,19,T
2023/02/06/08:16:35.437321,0,69449,0,GPS1_FRAME,42.33891833333333,-71.08828,19.5,0.9,327970.76713552885,4689519.019760972,191729.0,19,T
2023/02/06/08:16:36.435813,0,69450,0,GPS1_FRAME,42.33891833333333,-71.08828,19.5,0.9,327970.76713552885,4689519.019760972,191730.0,19,T
2023/02/06/08:16:37.435763,0,69451,0,GPS1_FRAME,42.33891833333333,-71.08828,19.5,0.9,327970.76713552885,4689519.019760972,191731.0,19,T
2023/02/06/08:16:38.435632,0,69452,0,GPS1_FRAME,42.33891833333333,-71.08828,19.4,0.9,327970.76713552885,4689519.019760972,191732.0,19,T
2023/02/06/08:16:39.434815,0,69453,0,GPS1_FRAME,42.33891833333333,-71.08828,19.4,0.9,327970.76713552885,4689519.019760972,191733.0,19,T
2023/02/06/08:16:40.434705,0,69454,0,GPS1_FRAME,42.33891833333333,-71.08828,19.4,0.9,327970.76713552885,4689519.019760972,191734.0,19,T
2023/02/06/08:16:41.469683,0,69455,0,GPS1_FRAME,42.33891833333333,-71.08828,19.4,0.9,327970.76713552885,4689519.019760972,191735.0,19,T
2023/02/06/08:16:42.435598,0,69456,0,GPS1_FRAME,42.33891833333333,-71.08828,19.4,0.9,327970.76713552885,4689519.019760972,191736.0,19,T
2023/02/06/08:16:43.435282,0,69457,0,GPS1_FRAME,42.33891833333333,-71.08828,19.4,0.9,327970.76713552885,4689519.019760972,191737.0,19,T
2023/02/06/08:16:44.435125,0,69458,0,GPS1_FRAME,42.33891833333333,-71.08828,19.5,0.9,327970.76713552885,4689519.019760972,191738.0,19,T
2023/02/06/08:16:45.435182,0,69459,0,GPS1_FRAME,42.33891833333333,-71.08828,19.5,0.9,327970.76713552885,4689519.019760972,191739.0,19,T
2023/02/06/08:16:46.468481,0,69460,0,GPS1_FRAME,42.33891833333333,-71.08828,19.5,0.9,327970.76713552885,4689519.019760972,191740.0,19,T
2023/02/06/08:16:47.434994,0,69461,0,GPS1_FRAME,42.33891833333333,-71.08828,19.5,0.9,327970.76713552885,4689519.019760972,191741.0,19,T
2023/02/06/08:16:48.498196,0,69462,0,GPS1_FRAME,42.33891833333333,-71.08828,19.5,0.9,327970.76713552885,4689519.019760972,191742.0,19,T
2023/02/06/08:16:49.435734,0,69463,0,GPS1_FRAME,42.33891833333333,-71.08828,19.5,0.9,327970.76713552885,4689519.019760972,191743.0,19,T
2023/02/06/08:16:50.434997,0,69464,0,GPS1_FRAME,42.33891833333333,-71.08828,19.5,0.9,327970.76713552885,4689519.019760972,191744.0,19,T
2023/02/06/08:16:51.435222,0,69465,0,GPS1_FRAME,42.33891833333333,-71.08828,19.5,0.9,327970.76713552885,4689519.019760972,191745.0,19,T
2023/02/06/08:16:52.435546,0,69466,0,GPS1_FRAME,42.33891833333333,-71.08828,19.5,0.9,327970.76713552885,4689519.019760972,191746.0,19,T
2023/02/06/08:16:53.436204,0,69467,0,GPS1_FRAME,42.33891833333333,-71.08828,19.5,0.9,327970.76713552885,4689519.019760972,191747.0,19,T
2023/02/06/08:16:54.470159,0,69468,0,GPS1_FRAME,42.33891833333333,-71.08828,19.5,0.9,327970.76713552885,4689519.019760972,191748.0,19,T
2023/02/06/08:16:55.434863,0,69469,0,GPS1_FRAME,42.33891833333333,-71.08828,19.5,0.9,327970.76713552885,4689519.019760972,191749.0,19,T
2023/02/06/08:16:56.434403,0,69470,0,GPS1_FRAME,42.33891833333333,-71.08828,19.5,0.9,327970.76713552885,4689519.019760972,191750.0,19,T
2023/02/06/08:16:57.435031,0,69471,0,GPS1_FRAME,42.33891833333333,-71.08828,19.5,0.9,327970.76713552885,4689519.019760972,191751.0,19,T
2023/02/06/08:16:58.434269,0,69472,0,GPS1_FRAME,42.33891833333333,-71.08828,19.5,0.9,327970.76713552885,4689519.019760972,191752.0,19,T
2023/02/06/08:16:59.434577,0,69473,0,GPS1_FRAME,42.33891833333333,-71.08828,19.5,0.9,327970.76713552885,4689519.019760972,191753.0,19,T
2023/02/06/08:17:00.435452,0,69474,0,GPS1_FRAME,42.33891833333333,-71.08828,19.5,0.9,327970.76713552885,4689519.019760972,191754.0,19,T
2023/02/06/08:17:01.432939,0,69475,0,GPS1_FRAME,42.33891833333333,-71.08828,19.4,1.0,327970.76713552885,4689519.019760972,191755.0,19,T
2023/02/06/08:17:02.432026,0,69476,0,GPS1_FRAME,42.33891833333333,-71.08828,19.4,1.0,327970.76713552885,4689519.019760972,191756.0,19,T
2023/02/06/08:17:03.436713,0,69477,0,GPS1_FRAME,42.33891833333333,-71.08828,19.4,0.9,327970.76713552885,4689519.019760972,191757.0,19,T
2023/02/06/08:17:04.435259,0,69478,0,GPS1_FRAME,42.33891833333333,-71.08828,19.4,0.9,327970.76713552885,4689519.019760972,191758.0,19,T
2023/02/06/08:17:05.437364,0,69479,0,GPS1_FRAME,42.33891833333333,-71.08828,19.4,0.9,327970.76713552885,4689519.019760972,191759.0,19,T
2023/02/06/08:17:06.441468,0,69480,0,GPS1_FRAME,42.33891833333333,-71.08828,19.4,0.9,327970.76713552885,4689519.019760972,191800.0,19,T
2023/02/06/08:17:07.436447,0,69481,0,GPS1_FRAME,42.33891833333333,-71.08828,19.4,0.9,327970.76713552885,4689519.019760972,191801.0,19,T
2023/02/06/08:17:08.434755,0,69482,0,GPS1_FRAME,42.33891833333333,-71.08828,19.4,0.9,327970.76713552885,4689519.019760972,191802.0,19,T
2023/02/06/08:17:09.435395,0,69483,0,GPS1_FRAME,42.33891833333333,-71.08828,19.4,0.9,327970.76713552885,4689519.019760972,191803.0,19,T
2023/02/06/08:17:10.436264,0,69484,0,GPS1_FRAME,42.33891833333333,-71.08828,19.4,0.9,327970.76713552885,4689519.019760972,191804.0,19,T
2023/02/06/08:17:11.436102,0,69485,0,GPS1_FRAME,42.33891833333333,-71.08828,19.4,0.9,327970.76713552885,4689519.019760972,191805.0,19,T
2023/02/06/08:17:12.435679,0,69486,0,GPS1_FRAME,42.33891833333333,-71.08828,19.4,0.9,327970.76713552885,4689519.019760972,191806.0,19,T
2023/02/06/08:17:13.437140,0,69487,0,GPS1_FRAME,42.33891833333333,-71.08828,19.4,0.9,327970.76713552885,4689519.019760972,191807.0,19,T
2023/02/06/08:17:14.435138,0,69488,0,GPS1_FRAME,42.33891833333333,-71.08828,19.4,0.9,327970.76713552885,4689519.019760972,191808.0,19,T
2023/02/06/08:17:15.432308,0,69489,0,GPS1_FRAME,42.33891833333333,-71.08828,19.4,1.0,327970.76713552885,4689519.019760972,191809.0,19,T
2023/02/06/08:17:16.432360,0,69490,0,GPS1_FRAME,42.33891833333333,-71.08828,19.4,1.0,327970.76713552885,4689519.019760972,191810.0,19,T
2023/02/06/08:17:17.432977,0,69491,0,GPS1_FRAME,42.33891833333333,-71.08828,19.4,1.0,327970.76713552885,4689519.019760972,191811.0,19,T
2023/02/06/08:17:18.433233,0,69492,0,GPS1_FRAME,42.33891833333333,-71.08828,19.4,1.0,327970.76713552885,4689519.019760972,191812.0,19,T
2023/02/06/08:17:19.466679,0,69493,0,GPS1_FRAME,42.33891833333333,-71.08828,19.4,1.0,327970.76713552885,4689519.019760972,191813.0,19,T
2023/02/06/08:17:20.433134,0,69494,0,GPS1_FRAME,42.33891833333333,-71.08828,19.4,1.0,327970.76713552885,4689519.019760972,191814.0,19,T
2023/02/06/08:17:21.431733,0,69495,0,GPS1_FRAME,42.33891833333333,-71.08828,19.4,1.0,327970.76713552885,4689519.019760972,191815.0,19,T
2023/02/06/08:17:22.433543,0,69496,0,GPS1_FRAME,42.33891833333333,-71.08828,19.4,1.0,327970.76713552885,4689519.019760972,191816.0,19,T
2023/02/06/08:17:23.432762,0,69497,0,GPS1_FRAME,42.33891833333333,-71.08828,19.4,1.0,327970.76713552885,4689519.019760972,191817.0,19,T
2023/02/06/08:17:24.433599,0,69498,0,GPS1_FRAME,42.33891833333333,-71.08828,19.4,1.0,327970.76713552885,4689519.019760972,191818.0,19,T
2023/02/06/08:17:25.432022,0,69499,0,GPS1_FRAME,42.33891833333333,-71.08828,19.4,1.0,327970.76713552885,4689519.019760972,191819.0,19,T
2023/02/06/08:17:26.433434,0,69500,0,GPS1_FRAME,42.33891833333333,-71.08828,19.4,1.0,327970.76713552885,4689519.019760972,191820.0,19,T
2023/02/06/08:17:27.432921,0,69501,0,GPS1_FRAME,42.33891833333333,-71.08828,19.4,1.0,327970.76713552885,4689519.019760972,191821.0,19,T
2023/02/06/08:17:28.433017,0,69502,0,GPS1_FRAME,42.33891833333333,-71.08828,19.4,1.0,327970.76713552885,4689519.019760972,191822.0,19,T
2023/02/06/08:17:29.433020,0,69503,0,GPS1_FRAME,42.33891833333333,-71.08828,19.4,1.0,327970.76713552885,4689519.019760972,191823.0,19,T
2023/02/06/08:17:30.435899,0,69504,0,GPS1_FRAME,42.33891833333333,-71.08828,19.4,0.9,327970.76713552885,4689519.019760972,191824.0,19,T
2023/02/06/08:17:31.435471,0,69505,0,GPS1_FRAME,42.33891833333333,-71.08828,19.4,0.9,327970.76713552885,4689519.019760972,191825.0,19,T
2023/02/06/08:17:32.467997,0,69506,0,GPS1_FRAME,42.33891833333333,-71.08828,19.5,0.9,327970.76713552885,4689519.019760972,191826.0,19,T
2023/02/06/08:17:33.431833,0,69507,0,GPS1_FRAME,42.33891833333333,-71.08828,19.5,1.0,327970.76713552885,4689519.019760972,191827.0,19,T
2023/02/06/08:17:34.430932,0,69508,0,GPS1_FRAME,42.33891833333333,-71.08828,19.5,1.0,327970.76713552885,4689519.019760972,191828.0,19,T
2023/02/06/08:17:35.432117,0,69509,0,GPS1_FRAME,42.33891833333333,-71.08828,19.5,1.0,327970.76713552885,4689519.019760972,191829.0,19,T
2023/02/06/08:17:36.463230,0,69510,0,GPS1_FRAME,42.33891833333333,-71.08828,19.5,1.0,327970.76713552885,4689519.019760972,191830.0,19,T
2023/02/06/08:17:37.432219,0,69511,0,GPS1_FRAME,42.33891833333333,-71.08828,19.5,1.0,327970.76713552885,4689519.019760972,191831.0,19,T
2023/02/06/08:17:38.465032,0,69512,0,GPS1_FRAME,42.33891833333333,-71.08828,19.5,1.0,327970.76713552885,4689519.019760972,191832.0,19,T
2023/02/06/08:17:39.433086,0,69513,0,GPS1_FRAME,42.33891833333333,-71.08828,19.4,1.0,327970.76713552885,4689519.019760972,191833.0,19,T
2023/02/06/08:17:40.431767,0,69514,0,GPS1_FRAME,42.33891833333333,-71.08828,19.4,1.0,327970.76713552885,4689519.019760972,191834.0,19,T
2023/02/06/08:17:41.429337,0,69515,0,GPS1_FRAME,42.33891833333333,-71.08828,19.4,1.2,327970.76713552885,4689519.019760972,191835.0,19,T
2023/02/06/08:17:42.429264,0,69516,0,GPS1_FRAME,42.33891833333333,-71.08828,19.4,1.2,327970.76713552885,4689519.019760972,191836.0,19,T
2023/02/06/08:17:43.429812,0,69517,0,GPS1_FRAME,42.33891833333333,-71.08828,19.4,1.2,327970.76713552885,4689519.019760972,191837.0,19,T
2023/02/06/08:17:44.461505,0,69518,0,GPS1_FRAME,42.33891833333333,-71.08828,19.4,1.2,327970.76713552885,4689519.019760972,191838.0,19,T
2023/02/06/08:17:45.428411,0,69519,0,GPS1_FRAME,42.33891833333333,-71.08828,19.4,1.2,327970.76713552885,4689519.019760972,191839.0,19,T
2023/02/06/08:17:46.433337,0,69520,0,GPS1_FRAME,42.33891833333333,-71.08828,19.4,1.0,327970.76713552885,4689519.019760972,191840.0,19,T
2023/02/06/08:17:47.427370,0,69521,0,GPS1_FRAME,42.33891833333333,-71.08828,19.4,1.2,327970.76713552885,4689519.019760972,191841.0,19,T
2023/02/06/08:17:48.458742,0,69522,0,GPS1_FRAME,42.33891833333333,-71.08828,19.4,1.2,327970.76713552885,4689519.019760972,191842.0,19,T
2023/02/06/08:17:49.425458,0,69523,0,GPS1_FRAME,42.33891833333333,-71.08828,19.4,1.4,327970.76713552885,4689519.019760972,191843.0,19,T
2023/02/06/08:17:50.425689,0,69524,0,GPS1_FRAME,42.33891833333333,-71.08828,19.4,1.4,327970.76713552885,4689519.019760972,191844.0,19,T
2023/02/06/08:17:51.426863,0,69525,0,GPS1_FRAME,42.33892,-71.08828,19.4,1.4,327970.7716806383,4689519.204831645,191845.0,19,T
2023/02/06/08:17:52.426240,0,69526,0,GPS1_FRAME,42.33892,-71.08828,19.4,1.4,327970.7716806383,4689519.204831645,191846.0,19,T
2023/02/06/08:17:53.426357,0,69527,0,GPS1_FRAME,42.33892,-71.08828,19.4,1.4,327970.7716806383,4689519.204831645,191847.0,19,T
2023/02/06/08:17:54.430814,0,69528,0,GPS1_FRAME,42.33892,-71.08828,19.4,1.1,327970.7716806383,4689519.204831645,191848.0,19,T
2023/02/06/08:17:55.431384,0,69529,0,GPS1_FRAME,42.33892,-71.08828,19.4,1.1,327970.7716806383,4689519.204831645,191849.0,19,T
2023/02/06/08:17:56.430689,0,69530,0,GPS1_FRAME,42.33892,-71.08828,19.4,1.1,327970.7716806383,4689519.204831645,191850.0,19,T
2023/02/06/08:17:57.430543,0,69531,0,GPS1_FRAME,42.33892,-71.08828,19.4,1.1,327970.7716806383,4689519.204831645,191851.0,19,T
2023/02/06/08:17:58.429815,0,69532,0,GPS1_FRAME,42.33892,-71.08828,19.4,1.1,327970.7716806383,4689519.204831645,191852.0,19,T
2023/02/06/08:17:59.430056,0,69533,0,GPS1_FRAME,42.33892,-71.08828,19.4,1.1,327970.7716806383,4689519.204831645,191853.0,19,T
2023/02/06/08:18:00.429739,0,69534,0,GPS1_FRAME,42.33892,-71.08828,19.4,1.1,327970.7716806383,4689519.204831645,191854.0,19,T
2023/02/06/08:18:01.428692,0,69535,0,GPS1_FRAME,42.33892,-71.08828,19.4,1.1,327970.7716806383,4689519.204831645,191855.0,19,T
2023/02/06/08:18:02.429041,0,69536,0,GPS1_FRAME,42.33892,-71.08828,19.4,1.1,327970.7716806383,4689519.204831645,191856.0,19,T
2023/02/06/08:18:03.428766,0,69537,0,GPS1_FRAME,42.33892,-71.08828166666666,19.4,1.1,327970.6343775146,4689519.208203644,191857.0,19,T
2023/02/06/08:18:04.429023,0,69538,0,GPS1_FRAME,42.33892,-71.08828166666666,19.4,1.1,327970.6343775146,4689519.208203644,191858.0,19,T
2023/02/06/08:18:05.429508,0,69539,0,GPS1_FRAME,42.33892,-71.08828166666666,19.4,1.1,327970.6343775146,4689519.208203644,191859.0,19,T
2023/02/06/08:18:06.428954,0,69540,0,GPS1_FRAME,42.33892,-71.08828166666666,19.4,1.1,327970.6343775146,4689519.208203644,191900.0,19,T
2023/02/06/08:18:07.430107,0,69541,0,GPS1_FRAME,42.33892,-71.08828166666666,19.4,1.1,327970.6343775146,4689519.208203644,191901.0,19,T
2023/02/06/08:18:08.429354,0,69542,0,GPS1_FRAME,42.33892,-71.08828166666666,19.4,1.1,327970.6343775146,4689519.208203644,191902.0,19,T
2023/02/06/08:18:09.429322,0,69543,0,GPS1_FRAME,42.33892,-71.08828166666666,19.4,1.1,327970.6343775146,4689519.208203644,191903.0,19,T
2023/02/06/08:18:10.462477,0,69544,0,GPS1_FRAME,42.338921666666664,-71.08828166666666,19.3,1.1,327970.6389226279,4689519.393274314,191904.0,19,T
2023/02/06/08:18:11.430537,0,69545,0,GPS1_FRAME,42.338921666666664,-71.08828166666666,19.3,1.1,327970.6389226279,4689519.393274314,191905.0,19,T
2023/02/06/08:18:12.428835,0,69546,0,GPS1_FRAME,42.338921666666664,-71.08828166666666,19.3,1.1,327970.6389226279,4689519.393274314,191906.0,19,T
2023/02/06/08:18:13.431269,0,69547,0,GPS1_FRAME,42.338921666666664,-71.08828166666666,19.3,1.1,327970.6389226279,4689519.393274314,191907.0,19,T
2023/02/06/08:18:14.430343,0,69548,0,GPS1_FRAME,42.338921666666664,-71.08828166666666,19.3,1.1,327970.6389226279,4689519.393274314,191908.0,19,T
2023/02/06/08:18:15.430804,0,69549,0,GPS1_FRAME,42.338921666666664,-71.08828166666666,19.3,1.1,327970.6389226279,4689519.393274314,191909.0,19,T
2023/02/06/08:18:16.430191,0,69550,0,GPS1_FRAME,42.338921666666664,-71.08828166666666,19.3,1.1,327970.6389226279,4689519.393274314,191910.0,19,T
2023/02/06/08:18:17.431439,0,69551,0,GPS1_FRAME,42.338921666666664,-71.08828166666666,19.3,1.1,327970.6389226279,4689519.393274314,191911.0,19,T
2023/02/06/08:18:18.465522,0,69552,0,GPS1_FRAME,42.338921666666664,-71.08828166666666,19.3,1.0,327970.6389226279,4689519.393274314,191912.0,19,T
2023/02/06/08:18:19.433773,0,69553,0,GPS1_FRAME,42.338921666666664,-71.08828166666666,19.3,1.0,327970.6389226279,4689519.393274314,191913.0,19,T
2023/02/06/08:18:20.431887,0,69554,0,GPS1_FRAME,42.338921666666664,-71.08828166666666,19.3,1.0,327970.6389226279,4689519.393274314,191914.0,19,T
2023/02/06/08:18:21.432697,0,69555,0,GPS1_FRAME,42.338921666666664,-71.08828166666666,19.3,1.0,327970.6389226279,4689519.393274314,191915.0,19,T
2023/02/06/08:18:22.433874,0,69556,0,GPS1_FRAME,42.338921666666664,-71.08828166666666,19.3,1.0,327970.6389226279,4689519.393274314,191916.0,19,T
2023/02/06/08:18:23.468357,0,69557,0,GPS1_FRAME,42.338921666666664,-71.08828166666666,19.3,1.0,327970.6389226279,4689519.393274314,191917.0,19,T
2023/02/06/08:18:24.433112,0,69558,0,GPS1_FRAME,42.338921666666664,-71.08828166666666,19.3,1.0,327970.6389226279,4689519.393274314,191918.0,19,T
2023/02/06/08:18:25.432487,0,69559,0,GPS1_FRAME,42.338921666666664,-71.08828166666666,19.3,1.0,327970.6389226279,4689519.393274314,191919.0,19,T
2023/02/06/08:18:26.432628,0,69560,0,GPS1_FRAME,42.338921666666664,-71.08828166666666,19.3,1.0,327970.6389226279,4689519.393274314,191920.0,19,T
2023/02/06/08:18:27.464351,0,69561,0,GPS1_FRAME,42.338921666666664,-71.08828,19.3,1.0,327970.776225748,4689519.389902316,191921.0,19,T
2023/02/06/08:18:28.431271,0,69562,0,GPS1_FRAME,42.338921666666664,-71.08828,19.3,1.0,327970.776225748,4689519.389902316,191922.0,19,T
2023/02/06/08:18:29.466599,0,69563,0,GPS1_FRAME,42.338921666666664,-71.08828,19.3,1.0,327970.776225748,4689519.389902316,191923.0,19,T
2023/02/06/08:18:30.433400,0,69564,0,GPS1_FRAME,42.338921666666664,-71.08828,19.3,1.0,327970.776225748,4689519.389902316,191924.0,19,T
2023/02/06/08:18:31.432936,0,69565,0,GPS1_FRAME,42.338921666666664,-71.08828,19.3,1.0,327970.776225748,4689519.389902316,191925.0,19,T
2023/02/06/08:18:32.431766,0,69566,0,GPS1_FRAME,42.338921666666664,-71.08828,19.3,1.0,327970.776225748,4689519.389902316,191926.0,19,T
2023/02/06/08:18:33.433794,0,69567,0,GPS1_FRAME,42.338921666666664,-71.08828,19.3,1.0,327970.776225748,4689519.389902316,191927.0,19,T
